Buyer Currency,Currency Conversion Rate
USD,0.81765
ILS,0.25224
GBP,1.1605
SEK,0.099078
EUR,1.0
AUD,0.63586
KRW,0.000736
CAD,0.67963
MXN,0.041549
TRY,0.098396
THB,0.026702
BGN,0.51136
BRL,0.16975
ZAR,0.059273
RUB,0.011471
CHF,0.9209
PHP,0.016815
IDR,5.9e-05
GHS,0.14288
DKK,0.13445
UAH,0.031445
NOK,0.096357
PLN,0.21906
CZK,0.039179
MYR,0.20689
TWD,0.031152
